icon,name,genre,title,suffix,url,image_url
,Leikeli47,Underground Rap,Leikeli47 Live at the 9:30 Club - NPR Music's 15th Anniversary Concert,23m,https://www.youtube.com/watch?v=1UcaZJiGPUs&t=593s,https://res.cloudinary.com/dl3nqvbko/image/upload/v1708448283/31511.jpg
,Ash Lauryn,House,ASH LAURYN Miami sunset DJ set | The Sound Exchange,55m,https://www.youtube.com/watch?v=BM4ppjGoNCo,https://res.cloudinary.com/dl3nqvbko/image/upload/v1708111212/31483.jpg
‚ù§Ô∏è‚Äçüî•,Bakey,UK Breaks,Bakey | Boiler Room: London,59m,https://www.youtube.com/watch?v=xl9zMFFeoX4,https://res.cloudinary.com/dl3nqvbko/image/upload/v1708111213/31481.jpg
‚ù§Ô∏è‚Äçüî•,Ben UFO,UK Bass?,Ben UFO @TheLotRadio 03-01-2023,1h57m,https://www.youtube.com/watch?v=V_IpEarJnoM,https://res.cloudinary.com/dl3nqvbko/image/upload/v1708111215/31501.jpg
,Bianca Oblivion,Funk & Grime?,BIANCA OBLIVION | Subtle Radio x Bass Coast 2023,1h29m,https://www.youtube.com/watch?v=yjvCNpOAvic,https://res.cloudinary.com/dl3nqvbko/image/upload/v1708399503/20123.jpg
‚ù§Ô∏è‚Äçüî•,Breaka,UK Breaks,Breaka DJ Set | Keep Hush Live London: Breaka Presents,39m,https://www.youtube.com/watch?v=kiiRvuj5RUU,https://res.cloudinary.com/dl3nqvbko/image/upload/v1708111218/31479.jpg
,Cinthie,House,Classic & Deep House Vinyl Mix from Cinthie (Live From The Defected Basement),1h32m,https://www.youtube.com/watch?v=zlZsVBSmWYA,https://res.cloudinary.com/dl3nqvbko/image/upload/v1708111219/31497.jpg
‚ù§Ô∏è‚Äçüî•,Conducta,UK Breaks,"CONDUCTA in The Lab LDN ü•ù bumping garage, breaks, bass & more",1h14m,https://www.youtube.com/watch?v=T4FZxTFY_ek,https://res.cloudinary.com/dl3nqvbko/image/upload/v1708111221/31485.jpg
,Danny Daze,House,DANNY DAZE Miami sunset Open Format DJ Set | The Sound Exchange,56m,https://www.youtube.com/watch?v=MBx1jBRnYIs,https://res.cloudinary.com/dl3nqvbko/image/upload/v1708111222/31493.jpg
,Digital,Drum & Bass,Digital - Junglist Movement x D&BTV: Locked In (DJ Set),1h1m,https://www.youtube.com/watch?v=Ao3kFG-NYKI,https://res.cloudinary.com/dl3nqvbko/image/upload/v1708111224/24055.jpg
‚ù§Ô∏è‚Äçüî•‚ù§Ô∏è‚Äçüî•,DJ Stingray 313,Futuristic Electro,DJ Stingray 313 | Boiler Room Cologne,59m,https://www.youtube.com/watch?v=xFuSdO_-Esg,https://res.cloudinary.com/dl3nqvbko/image/upload/v1708111225/31565.jpg
,Introspekt,UK Underground,Introspekt DJ Set | Keep Hush Live: Los Angeles: Warp Mode Takeover,50m,https://www.youtube.com/watch?v=uT5qz0fwpX4,https://res.cloudinary.com/dl3nqvbko/image/upload/v1708111227/31509.jpg
‚ù§Ô∏è‚Äçüî•,Ivy Lab,Halftime,IVY LAB (LIVE) @ DEF: UNDERGROUND,1h31m,https://www.youtube.com/watch?v=f3kP38k31WY,https://res.cloudinary.com/dl3nqvbko/image/upload/v1708111228/31495.jpg
,JPS,UK Bass?,JPS | Live at Bass Coast Festival 2022 - Subtle Radio,1h13m,https://www.youtube.com/watch?v=yrtzIueKPlE,https://res.cloudinary.com/dl3nqvbko/image/upload/v1708111230/31517.jpg
,K+Lab,Funk,K+Lab - Fractal Forest Mix - Shambhala 2019,56m,https://www.youtube.com/watch?v=eT87yPj6Pd8,https://res.cloudinary.com/dl3nqvbko/image/upload/v1708111231/31519.jpg
,Kassian,UK Bass?,Kassian @TheLotRadio 02-05-2024,1h6m,https://www.youtube.com/watch?v=Jyb7xS6P0UE,https://res.cloudinary.com/dl3nqvbko/image/upload/v1708111232/31489.jpg
‚ù§Ô∏è‚Äçüî•,Lazy Syrup Orchestra,Soul,Lazy Syrup Orchestra Live - Bass Coast Pixel 2020,1h11m,https://www.youtube.com/watch?v=tcxU68yVcUU,https://res.cloudinary.com/dl3nqvbko/image/upload/v1708111234/24219.jpg
‚ù§Ô∏è‚Äçüî•,Machinedrum,Bass?,Machinedrum | H√ñR - Aug 11 / 2023,54m,https://www.youtube.com/watch?v=xm1mJeWjsy0,https://res.cloudinary.com/dl3nqvbko/image/upload/v1708111237/31507.jpg
‚ù§Ô∏è‚Äçüî•,Magugu,Pidgin Rap,Magugu - Back My Talk ( Music Video),2m,https://www.youtube.com/watch?v=5238vmboYBk,https://res.cloudinary.com/dl3nqvbko/image/upload/v1708111238/31521.jpg
,Mat the Alien,Drum & Bass,Mat the Alien - Squamish Wind festival Set 2021 160bpm DNB Jungle,53m,https://www.youtube.com/watch?v=KgjLwbOZxho,https://res.cloudinary.com/dl3nqvbko/image/upload/v1708111239/24113.jpg
,Mikey Lion,House,Mikey Lion - Live @ Desert Hearts Los Angeles 2023,56m,https://www.youtube.com/watch?v=59Oh_IDzkC0,https://res.cloudinary.com/dl3nqvbko/image/upload/v1708111241/31487.jpg
‚ù§Ô∏è‚Äçüî•‚ù§Ô∏è‚Äçüî•,Of The Trees,,OF THE TREES (LIVE) @ DEF: UNDERGROUND,1h12m,https://www.youtube.com/watch?v=oCK-SCrPnyw,https://res.cloudinary.com/dl3nqvbko/image/upload/v1708111242/31475.jpg
,Pangaea,UK Bass,Pangaea | H√ñR London Takeover - Apr 27 / 2023,56m,https://www.youtube.com/watch?v=OxzMbmEtE9o,https://res.cloudinary.com/dl3nqvbko/image/upload/v1708111244/31503.jpg
,Pearson Sound,UK Bass?,Pearson Sound Boiler Room x Dekmantel Festival DJ Set,58m,https://www.youtube.com/watch?v=Ng1SLnCf7xU,https://res.cloudinary.com/dl3nqvbko/image/upload/v1708111245/31505.jpg
,Pluralist,UK Bass?,Pluralist DJ Set | Keep Hush Live: More Cowbell Takeover,45m,https://www.youtube.com/watch?v=H_ZQoF05v7c,https://res.cloudinary.com/dl3nqvbko/image/upload/v1708111247/31523.jpg
,Prosumer,Tech House?,Prosumer | Boiler Room x AVA: Dublin,59m,https://www.youtube.com/watch?v=QC_u_lWM7mQ,https://res.cloudinary.com/dl3nqvbko/image/upload/v1708111249/31499.jpg
,Sam Binga,UK Bass?,SAM BINGA | Subtle Radio Presents: Pineapple Records,1h0m,https://www.youtube.com/watch?v=VxndA-c4bBU,https://res.cloudinary.com/dl3nqvbko/image/upload/v1708111250/31513.jpg
,Sherelle,Jungle?,SHERELLE | Boiler Room x Dekmantel Festival 2022,1h1m,https://www.youtube.com/watch?v=hweJ1kriA88,https://res.cloudinary.com/dl3nqvbko/image/upload/v1708111252/31491.jpg
‚ù§Ô∏è‚Äçüî•,Shiba San,Tech House,Shiba San at The Concourse Project | Full Set (7 Jul 2023),2h39m,https://www.youtube.com/watch?v=sfD954UrNG4,https://res.cloudinary.com/dl3nqvbko/image/upload/v1708111253/31515.jpg
,Smalltown DJs,House,SMALLTOWN DJS | Subtle Radio x Bass Coast 2023,1h58m,https://www.youtube.com/watch?v=BM_On1899O4,https://res.cloudinary.com/dl3nqvbko/image/upload/v1708111254/24153.png
,The Funk Hunters,Funk,The Funk Hunters 2019 Shambhala AV Mix,55m,https://www.youtube.com/watch?v=SSUfrRhCZwE,https://res.cloudinary.com/dl3nqvbko/image/upload/v1708111256/20261.jpg
‚ù§Ô∏è‚Äçüî•,The Librarian,Bass,The Librarian DJ Set | Keep Hush Live: Bass Coast 2023,59m,https://www.youtube.com/watch?v=90Di15CmJXY,https://res.cloudinary.com/dl3nqvbko/image/upload/v1708111257/10053.jpg
,Youngsta,Dubstep,YOUNGSTA w/ SP:MC & Crazy D | Subtle Radio Presents: Sentry Records,1h,https://www.youtube.com/watch?v=pP1KUuNeiO0,https://res.cloudinary.com/dl3nqvbko/image/upload/v1708111259/31525.jpg
,Yung Singh,House,Yung Singh | Boiler Room: Melbourne,1h,https://www.youtube.com/watch?v=AWZ5F00eG_k,https://res.cloudinary.com/dl3nqvbko/image/upload/v1708111260/31477.jpg
